{
  "/user/create" : {
    "transaction" : "/user/create",
    "sampleCount" : 16104,
    "errorCount" : 0,
    "errorPct" : 0.0,
    "meanResTime" : 43.356122702434234,
    "medianResTime" : 4.0,
    "minResTime" : 1.0,
    "maxResTime" : 1103.0,
    "pct1ResTime" : 103.0,
    "pct2ResTime" : 276.75,
    "pct3ResTime" : 541.0,
    "throughput" : 269.5320345450894,
    "receivedKBytesPerSec" : 84.75519055031131,
    "sentKBytesPerSec" : 67.38300863627235
  },
  "/task/read/id" : {
    "transaction" : "/task/read/id",
    "sampleCount" : 16047,
    "errorCount" : 0,
    "errorPct" : 0.0,
    "meanResTime" : 35.85966224216346,
    "medianResTime" : 2.0,
    "minResTime" : 0.0,
    "maxResTime" : 891.0,
    "pct1ResTime" : 75.0,
    "pct2ResTime" : 231.59999999999854,
    "pct3ResTime" : 520.5200000000004,
    "throughput" : 268.6184904333852,
    "receivedKBytesPerSec" : 77.12288690177272,
    "sentKBytesPerSec" : 49.57899872256817
  },
  "/user/delete" : {
    "transaction" : "/user/delete",
    "sampleCount" : 16023,
    "errorCount" : 0,
    "errorPct" : 0.0,
    "meanResTime" : 39.56755913374509,
    "medianResTime" : 3.0,
    "minResTime" : 1.0,
    "maxResTime" : 1118.0,
    "pct1ResTime" : 85.0,
    "pct2ResTime" : 266.7999999999993,
    "pct3ResTime" : 539.7600000000002,
    "throughput" : 268.2347032727881,
    "receivedKBytesPerSec" : 50.032058911232944,
    "sentKBytesPerSec" : 55.79491386435925
  },
  "/user/read/id" : {
    "transaction" : "/user/read/id",
    "sampleCount" : 16085,
    "errorCount" : 0,
    "errorPct" : 0.0,
    "meanResTime" : 37.018029219770035,
    "medianResTime" : 2.0,
    "minResTime" : 0.0,
    "maxResTime" : 1100.0,
    "pct1ResTime" : 79.0,
    "pct2ResTime" : 241.39999999999782,
    "pct3ResTime" : 530.0,
    "throughput" : 269.2230442205336,
    "receivedKBytesPerSec" : 84.65802757715997,
    "sentKBytesPerSec" : 49.6905814039852
  },
  "/user/update" : {
    "transaction" : "/user/update",
    "sampleCount" : 16071,
    "errorCount" : 0,
    "errorPct" : 0.0,
    "meanResTime" : 41.00572459710034,
    "medianResTime" : 3.0,
    "minResTime" : 1.0,
    "maxResTime" : 1071.0,
    "pct1ResTime" : 96.80000000000109,
    "pct2ResTime" : 274.7999999999993,
    "pct3ResTime" : 551.2800000000007,
    "throughput" : 269.04275621923864,
    "receivedKBytesPerSec" : 84.60133545175277,
    "sentKBytesPerSec" : 63.05689598888405
  },
  "/task/update" : {
    "transaction" : "/task/update",
    "sampleCount" : 16030,
    "errorCount" : 0,
    "errorPct" : 0.0,
    "meanResTime" : 41.63306300686219,
    "medianResTime" : 3.0,
    "minResTime" : 1.0,
    "maxResTime" : 1208.0,
    "pct1ResTime" : 98.89999999999964,
    "pct2ResTime" : 267.0,
    "pct3ResTime" : 558.380000000001,
    "throughput" : 268.3563799511166,
    "receivedKBytesPerSec" : 77.04763252502762,
    "sentKBytesPerSec" : 79.40623352069173
  },
  "Total" : {
    "transaction" : "Total",
    "sampleCount" : 112415,
    "errorCount" : 0,
    "errorPct" : 0.0,
    "meanResTime" : 39.70608904505631,
    "medianResTime" : 3.0,
    "minResTime" : 0.0,
    "maxResTime" : 1208.0,
    "pct1ResTime" : 146.0,
    "pct2ResTime" : 362.9500000000007,
    "pct3ResTime" : 637.0,
    "throughput" : 1881.4540829135215,
    "receivedKBytesPerSec" : 535.294670857462,
    "sentKBytesPerSec" : 436.75010185839926
  },
  "/task/create" : {
    "transaction" : "/task/create",
    "sampleCount" : 16055,
    "errorCount" : 0,
    "errorPct" : 0.0,
    "meanResTime" : 39.49585798816575,
    "medianResTime" : 2.0,
    "minResTime" : 0.0,
    "maxResTime" : 1129.0,
    "pct1ResTime" : 92.0,
    "pct2ResTime" : 263.0,
    "pct3ResTime" : 533.4400000000005,
    "throughput" : 268.82890727035266,
    "receivedKBytesPerSec" : 77.1832995483239,
    "sentKBytesPerSec" : 71.93273495319983
  }
}