{
  "/user/create" : {
    "transaction" : "/user/create",
    "sampleCount" : 3721,
    "errorCount" : 0,
    "errorPct" : 0.0,
    "meanResTime" : 1578.6242945444762,
    "medianResTime" : 1402.0,
    "minResTime" : 1.0,
    "maxResTime" : 5799.0,
    "pct1ResTime" : 2813.0,
    "pct2ResTime" : 3127.699999999999,
    "pct3ResTime" : 4253.799999999997,
    "throughput" : 191.97234690192437,
    "receivedKBytesPerSec" : 60.366304396894186,
    "sentKBytesPerSec" : 47.99308672548109
  },
  "/task/read/id" : {
    "transaction" : "/task/read/id",
    "sampleCount" : 2570,
    "errorCount" : 0,
    "errorPct" : 0.0,
    "meanResTime" : 950.4910505836591,
    "medianResTime" : 855.0,
    "minResTime" : 0.0,
    "maxResTime" : 6459.0,
    "pct1ResTime" : 2387.7000000000003,
    "pct2ResTime" : 2708.699999999999,
    "pct3ResTime" : 3875.74,
    "throughput" : 132.5835740817169,
    "receivedKBytesPerSec" : 38.06598708986793,
    "sentKBytesPerSec" : 24.470991700629384
  },
  "/user/delete" : {
    "transaction" : "/user/delete",
    "sampleCount" : 2045,
    "errorCount" : 0,
    "errorPct" : 0.0,
    "meanResTime" : 888.5687041564802,
    "medianResTime" : 666.0,
    "minResTime" : 1.0,
    "maxResTime" : 5815.0,
    "pct1ResTime" : 2375.2000000000007,
    "pct2ResTime" : 2718.199999999997,
    "pct3ResTime" : 3528.399999999998,
    "throughput" : 105.5157112636087,
    "receivedKBytesPerSec" : 19.68115317514576,
    "sentKBytesPerSec" : 21.948092284324854
  },
  "/user/read/id" : {
    "transaction" : "/user/read/id",
    "sampleCount" : 3281,
    "errorCount" : 0,
    "errorPct" : 0.0,
    "meanResTime" : 1015.8896677842165,
    "medianResTime" : 702.0,
    "minResTime" : 0.0,
    "maxResTime" : 5387.0,
    "pct1ResTime" : 2453.8,
    "pct2ResTime" : 2665.399999999998,
    "pct3ResTime" : 3784.5199999999895,
    "throughput" : 169.06270933168443,
    "receivedKBytesPerSec" : 53.16229727031484,
    "sentKBytesPerSec" : 31.203957093445663
  },
  "/user/update" : {
    "transaction" : "/user/update",
    "sampleCount" : 2982,
    "errorCount" : 0,
    "errorPct" : 0.0,
    "meanResTime" : 975.3963782696173,
    "medianResTime" : 714.5,
    "minResTime" : 1.0,
    "maxResTime" : 6859.0,
    "pct1ResTime" : 2419.100000000001,
    "pct2ResTime" : 2766.7,
    "pct3ResTime" : 3948.6800000000003,
    "throughput" : 153.90967741935486,
    "receivedKBytesPerSec" : 48.397379032258065,
    "sentKBytesPerSec" : 36.07258064516129
  },
  "/task/update" : {
    "transaction" : "/task/update",
    "sampleCount" : 2343,
    "errorCount" : 0,
    "errorPct" : 0.0,
    "meanResTime" : 957.0260349978645,
    "medianResTime" : 882.0,
    "minResTime" : 1.0,
    "maxResTime" : 6203.0,
    "pct1ResTime" : 2422.3999999999996,
    "pct2ResTime" : 2710.9999999999986,
    "pct3ResTime" : 3923.8399999999992,
    "throughput" : 120.84171437412967,
    "receivedKBytesPerSec" : 34.694789087884885,
    "sentKBytesPerSec" : 35.756874468126256
  },
  "Total" : {
    "transaction" : "Total",
    "sampleCount" : 19706,
    "errorCount" : 0,
    "errorPct" : 0.0,
    "meanResTime" : 1081.1637064853392,
    "medianResTime" : 924.0,
    "minResTime" : 0.0,
    "maxResTime" : 6859.0,
    "pct1ResTime" : 2513.0,
    "pct2ResTime" : 2811.649999999998,
    "pct3ResTime" : 3903.9300000000003,
    "throughput" : 1014.518121911038,
    "receivedKBytesPerSec" : 294.74254023694914,
    "sentKBytesPerSec" : 235.1384422138849
  },
  "/task/create" : {
    "transaction" : "/task/create",
    "sampleCount" : 2764,
    "errorCount" : 0,
    "errorPct" : 0.0,
    "meanResTime" : 972.2821997105647,
    "medianResTime" : 845.5,
    "minResTime" : 1.0,
    "maxResTime" : 6381.0,
    "pct1ResTime" : 2423.0,
    "pct2ResTime" : 2718.25,
    "pct3ResTime" : 3638.7,
    "throughput" : 142.41549876339656,
    "receivedKBytesPerSec" : 40.88882484027205,
    "sentKBytesPerSec" : 38.10727213004946
  }
}