{
  "/user/create" : {
    "transaction" : "/user/create",
    "sampleCount" : 1000,
    "errorCount" : 0,
    "errorPct" : 0.0,
    "meanResTime" : 7370.209999999995,
    "medianResTime" : 5234.5,
    "minResTime" : 1.0,
    "maxResTime" : 36429.0,
    "pct1ResTime" : 17076.5,
    "pct2ResTime" : 20405.549999999996,
    "pct3ResTime" : 28576.840000000004,
    "throughput" : 10.50939014009017,
    "receivedKBytesPerSec" : 3.29444749508686,
    "sentKBytesPerSec" : 2.6273475350225426
  },
  "/user/update" : {
    "transaction" : "/user/update",
    "sampleCount" : 1000,
    "errorCount" : 1,
    "errorPct" : 0.1,
    "meanResTime" : 8496.956999999995,
    "medianResTime" : 7170.5,
    "minResTime" : 1.0,
    "maxResTime" : 32628.0,
    "pct1ResTime" : 18269.499999999996,
    "pct2ResTime" : 20494.649999999994,
    "pct3ResTime" : 27938.25000000001,
    "throughput" : 8.288643729226587,
    "receivedKBytesPerSec" : 2.5984898091125346,
    "sentKBytesPerSec" : 1.9345564953956582
  },
  "/task/update" : {
    "transaction" : "/task/update",
    "sampleCount" : 1000,
    "errorCount" : 0,
    "errorPct" : 0.0,
    "meanResTime" : 6469.729000000005,
    "medianResTime" : 4873.0,
    "minResTime" : 1.0,
    "maxResTime" : 28531.0,
    "pct1ResTime" : 14756.199999999997,
    "pct2ResTime" : 17897.599999999995,
    "pct3ResTime" : 23845.55,
    "throughput" : 8.002945083790834,
    "receivedKBytesPerSec" : 2.28990518510812,
    "sentKBytesPerSec" : 2.3446128175168464
  },
  "Total" : {
    "transaction" : "Total",
    "sampleCount" : 6000,
    "errorCount" : 2,
    "errorPct" : 0.033333335,
    "meanResTime" : 7458.033166666671,
    "medianResTime" : 5374.0,
    "minResTime" : 1.0,
    "maxResTime" : 36449.0,
    "pct1ResTime" : 17679.100000000006,
    "pct2ResTime" : 20195.95,
    "pct3ResTime" : 26876.969999999958,
    "throughput" : 47.82705736058413,
    "receivedKBytesPerSec" : 1519.226796217378,
    "sentKBytesPerSec" : 10.306481761948794
  },
  "/task/readall" : {
    "transaction" : "/task/readall",
    "sampleCount" : 1000,
    "errorCount" : 1,
    "errorPct" : 0.1,
    "meanResTime" : 7024.363000000002,
    "medianResTime" : 5542.0,
    "minResTime" : 178.0,
    "maxResTime" : 33027.0,
    "pct1ResTime" : 16195.399999999998,
    "pct2ResTime" : 19333.799999999996,
    "pct3ResTime" : 24256.72,
    "throughput" : 7.989709254480229,
    "receivedKBytesPerSec" : 396.24346654009634,
    "sentKBytesPerSec" : 0.9987136568100287
  },
  "/user/readall" : {
    "transaction" : "/user/readall",
    "sampleCount" : 1000,
    "errorCount" : 0,
    "errorPct" : 0.0,
    "meanResTime" : 8087.007999999993,
    "medianResTime" : 5229.0,
    "minResTime" : 196.0,
    "maxResTime" : 36449.0,
    "pct1ResTime" : 19323.8,
    "pct2ResTime" : 22998.749999999996,
    "pct3ResTime" : 28696.670000000002,
    "throughput" : 9.404418195668324,
    "receivedKBytesPerSec" : 1314.7054003548992,
    "sentKBytesPerSec" : 1.1755522744585407
  },
  "/task/create" : {
    "transaction" : "/task/create",
    "sampleCount" : 1000,
    "errorCount" : 0,
    "errorPct" : 0.0,
    "meanResTime" : 7299.932000000001,
    "medianResTime" : 5450.0,
    "minResTime" : 1.0,
    "maxResTime" : 32580.0,
    "pct1ResTime" : 17165.6,
    "pct2ResTime" : 20191.449999999993,
    "pct3ResTime" : 26274.680000000004,
    "throughput" : 8.024973718211074,
    "receivedKBytesPerSec" : 2.2962083002303166,
    "sentKBytesPerSec" : 2.1394705322965066
  }
}