{
  "/user/create" : {
    "transaction" : "/user/create",
    "sampleCount" : 3057,
    "errorCount" : 0,
    "errorPct" : 0.0,
    "meanResTime" : 504.91102387962036,
    "medianResTime" : 191.0,
    "minResTime" : 1.0,
    "maxResTime" : 5418.0,
    "pct1ResTime" : 1425.0,
    "pct2ResTime" : 1941.3999999999996,
    "pct3ResTime" : 3096.1000000000004,
    "throughput" : 30.640473088102638,
    "receivedKBytesPerSec" : 9.605070177032175,
    "sentKBytesPerSec" : 7.6601182720256595
  },
  "/user/delete" : {
    "transaction" : "/user/delete",
    "sampleCount" : 2877,
    "errorCount" : 0,
    "errorPct" : 0.0,
    "meanResTime" : 526.3677441779645,
    "medianResTime" : 260.0,
    "minResTime" : 1.0,
    "maxResTime" : 7775.0,
    "pct1ResTime" : 1429.2000000000016,
    "pct2ResTime" : 1835.1,
    "pct3ResTime" : 3191.979999999988,
    "throughput" : 28.86902074114212,
    "receivedKBytesPerSec" : 5.384748985896626,
    "sentKBytesPerSec" : 6.1459438687197085
  },
  "/user/update" : {
    "transaction" : "/user/update",
    "sampleCount" : 3006,
    "errorCount" : 0,
    "errorPct" : 0.0,
    "meanResTime" : 511.47272122421833,
    "medianResTime" : 179.5,
    "minResTime" : 1.0,
    "maxResTime" : 7101.0,
    "pct1ResTime" : 1393.3000000000002,
    "pct2ResTime" : 1905.65,
    "pct3ResTime" : 2976.669999999997,
    "throughput" : 30.134129959700864,
    "receivedKBytesPerSec" : 9.44634347369529,
    "sentKBytesPerSec" : 7.03325884801612
  },
  "/task/update" : {
    "transaction" : "/task/update",
    "sampleCount" : 2900,
    "errorCount" : 0,
    "errorPct" : 0.0,
    "meanResTime" : 633.1965517241372,
    "medianResTime" : 512.5,
    "minResTime" : 1.0,
    "maxResTime" : 6299.0,
    "pct1ResTime" : 1578.8000000000002,
    "pct2ResTime" : 1985.749999999999,
    "pct3ResTime" : 2985.9199999999983,
    "throughput" : 29.100104358994944,
    "receivedKBytesPerSec" : 8.326494704282732,
    "sentKBytesPerSec" : 8.525421198924299
  },
  "Total" : {
    "transaction" : "Total",
    "sampleCount" : 20818,
    "errorCount" : 1122,
    "errorPct" : 5.389567,
    "meanResTime" : 774.6072629455298,
    "medianResTime" : 367.0,
    "minResTime" : 1.0,
    "maxResTime" : 12909.0,
    "pct1ResTime" : 1836.0,
    "pct2ResTime" : 2793.9500000000007,
    "pct3ResTime" : 8520.94000000001,
    "throughput" : 208.41968263503028,
    "receivedKBytesPerSec" : 1549.9259597756168,
    "sentKBytesPerSec" : 44.768876786429395
  },
  "/task/readall" : {
    "transaction" : "/task/readall",
    "sampleCount" : 2963,
    "errorCount" : 1122,
    "errorPct" : 37.867027,
    "meanResTime" : 2080.534930813359,
    "medianResTime" : 746.0,
    "minResTime" : 15.0,
    "maxResTime" : 12909.0,
    "pct1ResTime" : 6974.0,
    "pct2ResTime" : 9331.599999999995,
    "pct3ResTime" : 11007.720000000001,
    "throughput" : 29.690568760270953,
    "receivedKBytesPerSec" : 176.91639773262455,
    "sentKBytesPerSec" : 3.7113210950338686
  },
  "/user/readall" : {
    "transaction" : "/user/readall",
    "sampleCount" : 3038,
    "errorCount" : 0,
    "errorPct" : 0.0,
    "meanResTime" : 725.6260697827516,
    "medianResTime" : 381.0,
    "minResTime" : 33.0,
    "maxResTime" : 7168.0,
    "pct1ResTime" : 1708.2999999999997,
    "pct2ResTime" : 2192.1499999999937,
    "pct3ResTime" : 3451.010000000005,
    "throughput" : 30.425333747283453,
    "receivedKBytesPerSec" : 1332.3849215017876,
    "sentKBytesPerSec" : 3.8031667184104316
  },
  "/task/create" : {
    "transaction" : "/task/create",
    "sampleCount" : 2977,
    "errorCount" : 0,
    "errorPct" : 0.0,
    "meanResTime" : 445.10144440712173,
    "medianResTime" : 51.0,
    "minResTime" : 1.0,
    "maxResTime" : 5107.0,
    "pct1ResTime" : 1395.0,
    "pct2ResTime" : 1851.1,
    "pct3ResTime" : 2979.7399999999966,
    "throughput" : 29.843414800409004,
    "receivedKBytesPerSec" : 8.539180211445155,
    "sentKBytesPerSec" : 7.956301016124666
  }
}