{
  "/user/create" : {
    "transaction" : "/user/create",
    "sampleCount" : 71209,
    "errorCount" : 45,
    "errorPct" : 0.06319426,
    "meanResTime" : 155.28496397927333,
    "medianResTime" : 70.0,
    "minResTime" : 0.0,
    "maxResTime" : 3629.0,
    "pct1ResTime" : 446.0,
    "pct2ResTime" : 714.0,
    "pct3ResTime" : 1245.950000000008,
    "throughput" : 273.6734089939546,
    "receivedKBytesPerSec" : 86.45922383448887,
    "sentKBytesPerSec" : 68.37511577766077
  },
  "/task/read/id" : {
    "transaction" : "/task/read/id",
    "sampleCount" : 71022,
    "errorCount" : 39,
    "errorPct" : 0.054912563,
    "meanResTime" : 135.16811692151774,
    "medianResTime" : 68.0,
    "minResTime" : 0.0,
    "maxResTime" : 4883.0,
    "pct1ResTime" : 370.0,
    "pct2ResTime" : 639.9500000000007,
    "pct3ResTime" : 1154.9900000000016,
    "throughput" : 272.9673117205066,
    "receivedKBytesPerSec" : 78.72750098487614,
    "sentKBytesPerSec" : 50.428102089618925
  },
  "/user/delete" : {
    "transaction" : "/user/delete",
    "sampleCount" : 70942,
    "errorCount" : 33,
    "errorPct" : 0.046516873,
    "meanResTime" : 137.0428378111682,
    "medianResTime" : 69.0,
    "minResTime" : 1.0,
    "maxResTime" : 3856.0,
    "pct1ResTime" : 386.0,
    "pct2ResTime" : 637.9500000000007,
    "pct3ResTime" : 1144.9900000000016,
    "throughput" : 272.6682220180877,
    "receivedKBytesPerSec" : 51.10391945915665,
    "sentKBytesPerSec" : 56.76456781705338
  },
  "/user/read/id" : {
    "transaction" : "/user/read/id",
    "sampleCount" : 71164,
    "errorCount" : 36,
    "errorPct" : 0.050587375,
    "meanResTime" : 135.77579956157743,
    "medianResTime" : 68.0,
    "minResTime" : 0.0,
    "maxResTime" : 3843.0,
    "pct1ResTime" : 384.0,
    "pct2ResTime" : 638.0,
    "pct3ResTime" : 1123.9900000000016,
    "throughput" : 273.5025653836546,
    "receivedKBytesPerSec" : 86.29944683914948,
    "sentKBytesPerSec" : 50.529564515315435
  },
  "/user/update" : {
    "transaction" : "/user/update",
    "sampleCount" : 71128,
    "errorCount" : 50,
    "errorPct" : 0.0702958,
    "meanResTime" : 158.22583230232576,
    "medianResTime" : 70.0,
    "minResTime" : 1.0,
    "maxResTime" : 3674.0,
    "pct1ResTime" : 461.0,
    "pct2ResTime" : 717.0,
    "pct3ResTime" : 1274.950000000008,
    "throughput" : 273.3663088553497,
    "receivedKBytesPerSec" : 86.40999331505844,
    "sentKBytesPerSec" : 64.09965015752731
  },
  "/task/update" : {
    "transaction" : "/task/update",
    "sampleCount" : 70983,
    "errorCount" : 41,
    "errorPct" : 0.05776031,
    "meanResTime" : 159.31679416198355,
    "medianResTime" : 70.0,
    "minResTime" : 1.0,
    "maxResTime" : 3854.0,
    "pct1ResTime" : 471.0,
    "pct2ResTime" : 737.0,
    "pct3ResTime" : 1277.900000000016,
    "throughput" : 272.8195154948632,
    "receivedKBytesPerSec" : 78.69369152553203,
    "sentKBytesPerSec" : 80.90209808456933
  },
  "Total" : {
    "transaction" : "Total",
    "sampleCount" : 497526,
    "errorCount" : 300,
    "errorPct" : 0.060298357,
    "meanResTime" : 147.32339013438414,
    "medianResTime" : 69.0,
    "minResTime" : 0.0,
    "maxResTime" : 4883.0,
    "pct1ResTime" : 460.0,
    "pct2ResTime" : 724.9500000000007,
    "pct3ResTime" : 1270.9900000000016,
    "throughput" : 1912.0906994619525,
    "receivedKBytesPerSec" : 546.5973815214259,
    "sentKBytesPerSec" : 444.19252317928516
  },
  "/task/create" : {
    "transaction" : "/task/create",
    "sampleCount" : 71078,
    "errorCount" : 56,
    "errorPct" : 0.078786686,
    "meanResTime" : 150.42779763077218,
    "medianResTime" : 69.0,
    "minResTime" : 0.0,
    "maxResTime" : 3563.0,
    "pct1ResTime" : 443.0,
    "pct2ResTime" : 693.0,
    "pct3ResTime" : 1276.9900000000016,
    "throughput" : 273.1793933617231,
    "receivedKBytesPerSec" : 78.92642246303635,
    "sentKBytesPerSec" : 73.11349074395245
  }
}