{
  "/user/create" : {
    "transaction" : "/user/create",
    "sampleCount" : 1175,
    "errorCount" : 0,
    "errorPct" : 0.0,
    "meanResTime" : 1043.0280851063833,
    "medianResTime" : 593.0,
    "minResTime" : 1.0,
    "maxResTime" : 11106.0,
    "pct1ResTime" : 2694.000000000001,
    "pct2ResTime" : 3776.6000000000004,
    "pct3ResTime" : 5672.240000000002,
    "throughput" : 59.4364914765542,
    "receivedKBytesPerSec" : 18.63194703513076,
    "sentKBytesPerSec" : 14.85912286913855
  },
  "/user/delete" : {
    "transaction" : "/user/delete",
    "sampleCount" : 732,
    "errorCount" : 0,
    "errorPct" : 0.0,
    "meanResTime" : 685.4535519125684,
    "medianResTime" : 17.0,
    "minResTime" : 1.0,
    "maxResTime" : 8632.0,
    "pct1ResTime" : 2222.8,
    "pct2ResTime" : 3039.350000000001,
    "pct3ResTime" : 5381.269999999997,
    "throughput" : 36.876574307304786,
    "receivedKBytesPerSec" : 6.87834540302267,
    "sentKBytesPerSec" : 7.8506769521410575
  },
  "/user/update" : {
    "transaction" : "/user/update",
    "sampleCount" : 994,
    "errorCount" : 0,
    "errorPct" : 0.0,
    "meanResTime" : 868.5070422535214,
    "medianResTime" : 240.5,
    "minResTime" : 1.0,
    "maxResTime" : 8174.0,
    "pct1ResTime" : 2550.0,
    "pct2ResTime" : 3313.25,
    "pct3ResTime" : 5474.999999999996,
    "throughput" : 50.12101653892698,
    "receivedKBytesPerSec" : 15.711763973628479,
    "sentKBytesPerSec" : 11.698166946097215
  },
  "/task/update" : {
    "transaction" : "/task/update",
    "sampleCount" : 810,
    "errorCount" : 0,
    "errorPct" : 0.0,
    "meanResTime" : 824.2925925925923,
    "medianResTime" : 167.0,
    "minResTime" : 1.0,
    "maxResTime" : 8782.0,
    "pct1ResTime" : 2507.6,
    "pct2ResTime" : 3152.45,
    "pct3ResTime" : 5482.839999999998,
    "throughput" : 40.80810116378659,
    "receivedKBytesPerSec" : 11.676536758778779,
    "sentKBytesPerSec" : 11.955498387828102
  },
  "Total" : {
    "transaction" : "Total",
    "sampleCount" : 6597,
    "errorCount" : 150,
    "errorPct" : 2.2737608,
    "meanResTime" : 834.4988631196014,
    "medianResTime" : 232.0,
    "minResTime" : 1.0,
    "maxResTime" : 11106.0,
    "pct1ResTime" : 2495.2,
    "pct2ResTime" : 3240.5999999999967,
    "pct3ResTime" : 5443.039999999999,
    "throughput" : 331.6241894133615,
    "receivedKBytesPerSec" : 1145.9915037638868,
    "sentKBytesPerSec" : 70.92461269353541
  },
  "/task/readall" : {
    "transaction" : "/task/readall",
    "sampleCount" : 883,
    "errorCount" : 150,
    "errorPct" : 16.987543,
    "meanResTime" : 717.2967157417896,
    "medianResTime" : 146.0,
    "minResTime" : 1.0,
    "maxResTime" : 10623.0,
    "pct1ResTime" : 2207.2,
    "pct2ResTime" : 2842.5999999999985,
    "pct3ResTime" : 5130.159999999997,
    "throughput" : 44.41426487601227,
    "receivedKBytesPerSec" : 133.04744283172374,
    "sentKBytesPerSec" : 5.551783109501534
  },
  "/user/readall" : {
    "transaction" : "/user/readall",
    "sampleCount" : 1076,
    "errorCount" : 0,
    "errorPct" : 0.0,
    "meanResTime" : 860.5734200743489,
    "medianResTime" : 244.5,
    "minResTime" : 1.0,
    "maxResTime" : 7966.0,
    "pct1ResTime" : 2587.0000000000014,
    "pct2ResTime" : 3443.5999999999995,
    "pct3ResTime" : 5832.820000000004,
    "throughput" : 54.13291744226996,
    "receivedKBytesPerSec" : 947.7594334060724,
    "sentKBytesPerSec" : 6.7666146802837455
  },
  "/task/create" : {
    "transaction" : "/task/create",
    "sampleCount" : 927,
    "errorCount" : 0,
    "errorPct" : 0.0,
    "meanResTime" : 741.7001078748666,
    "medianResTime" : 29.0,
    "minResTime" : 1.0,
    "maxResTime" : 8169.0,
    "pct1ResTime" : 2404.4,
    "pct2ResTime" : 3049.5999999999995,
    "pct3ResTime" : 4921.160000000006,
    "throughput" : 46.74499520952045,
    "receivedKBytesPerSec" : 13.375276949599114,
    "sentKBytesPerSec" : 12.462288761913166
  }
}