{
  "/user/create" : {
    "transaction" : "/user/create",
    "sampleCount" : 2071,
    "errorCount" : 1,
    "errorPct" : 0.048285853,
    "meanResTime" : 16211.624818928065,
    "medianResTime" : 18028.0,
    "minResTime" : 3.0,
    "maxResTime" : 42231.0,
    "pct1ResTime" : 26421.2,
    "pct2ResTime" : 28541.6,
    "pct3ResTime" : 34082.880000000194,
    "throughput" : 37.093423126522424,
    "receivedKBytesPerSec" : 11.628251103757702,
    "sentKBytesPerSec" : 9.273355781630606
  },
  "/user/delete" : {
    "transaction" : "/user/delete",
    "sampleCount" : 113,
    "errorCount" : 0,
    "errorPct" : 0.0,
    "meanResTime" : 10093.99115044248,
    "medianResTime" : 7750.0,
    "minResTime" : 2.0,
    "maxResTime" : 32463.0,
    "pct1ResTime" : 24124.600000000002,
    "pct2ResTime" : 26593.899999999998,
    "pct3ResTime" : 32400.14,
    "throughput" : 2.0821816841717338,
    "receivedKBytesPerSec" : 0.38837568523125116,
    "sentKBytesPerSec" : 0.443276960106873
  },
  "/user/update" : {
    "transaction" : "/user/update",
    "sampleCount" : 547,
    "errorCount" : 0,
    "errorPct" : 0.0,
    "meanResTime" : 9732.765996343698,
    "medianResTime" : 6536.0,
    "minResTime" : 1.0,
    "maxResTime" : 36808.0,
    "pct1ResTime" : 23782.6,
    "pct2ResTime" : 26300.600000000002,
    "pct3ResTime" : 30594.399999999994,
    "throughput" : 9.923082504898048,
    "receivedKBytesPerSec" : 3.1106537930393294,
    "sentKBytesPerSec" : 2.3160319518267904
  },
  "/task/update" : {
    "transaction" : "/task/update",
    "sampleCount" : 165,
    "errorCount" : 0,
    "errorPct" : 0.0,
    "meanResTime" : 9074.145454545456,
    "medianResTime" : 5720.0,
    "minResTime" : 2.0,
    "maxResTime" : 33816.0,
    "pct1ResTime" : 22485.0,
    "pct2ResTime" : 25786.89999999998,
    "pct3ResTime" : 31467.720000000012,
    "throughput" : 3.0405218641163136,
    "receivedKBytesPerSec" : 0.8699930724473437,
    "sentKBytesPerSec" : 0.8907778898778262
  },
  "Total" : {
    "transaction" : "Total",
    "sampleCount" : 4352,
    "errorCount" : 36,
    "errorPct" : 0.8272059,
    "meanResTime" : 12923.815716911775,
    "medianResTime" : 12640.5,
    "minResTime" : 1.0,
    "maxResTime" : 42231.0,
    "pct1ResTime" : 25597.0,
    "pct2ResTime" : 28186.849999999995,
    "pct3ResTime" : 32585.170000000002,
    "throughput" : 77.61311147967828,
    "receivedKBytesPerSec" : 1479.4896970244147,
    "sentKBytesPerSec" : 16.938647499687907
  },
  "/task/readall" : {
    "transaction" : "/task/readall",
    "sampleCount" : 237,
    "errorCount" : 35,
    "errorPct" : 14.767933,
    "meanResTime" : 8406.73839662447,
    "medianResTime" : 2768.0,
    "minResTime" : 28.0,
    "maxResTime" : 34390.0,
    "pct1ResTime" : 23608.800000000007,
    "pct2ResTime" : 26292.8,
    "pct3ResTime" : 33425.68000000001,
    "throughput" : 4.305333527103619,
    "receivedKBytesPerSec" : 48.738501512316525,
    "sentKBytesPerSec" : 0.5381666908879523
  },
  "/user/readall" : {
    "transaction" : "/user/readall",
    "sampleCount" : 866,
    "errorCount" : 0,
    "errorPct" : 0.0,
    "meanResTime" : 10741.581986143192,
    "medianResTime" : 6830.0,
    "minResTime" : 86.0,
    "maxResTime" : 37774.0,
    "pct1ResTime" : 25174.7,
    "pct2ResTime" : 27571.049999999996,
    "pct3ResTime" : 33302.54,
    "throughput" : 15.446632420091325,
    "receivedKBytesPerSec" : 1414.2136595564891,
    "sentKBytesPerSec" : 1.9308290525114156
  },
  "/task/create" : {
    "transaction" : "/task/create",
    "sampleCount" : 353,
    "errorCount" : 0,
    "errorPct" : 0.0,
    "meanResTime" : 9671.065155807368,
    "medianResTime" : 6274.0,
    "minResTime" : 1.0,
    "maxResTime" : 34223.0,
    "pct1ResTime" : 23813.2,
    "pct2ResTime" : 26997.0,
    "pct3ResTime" : 31483.259999999966,
    "throughput" : 6.363570810498991,
    "receivedKBytesPerSec" : 1.8208264135509806,
    "sentKBytesPerSec" : 1.6965379211584222
  }
}