{
  "/user/create" : {
    "transaction" : "/user/create",
    "sampleCount" : 19234,
    "errorCount" : 2889,
    "errorPct" : 15.020277,
    "meanResTime" : 1268.9161380887995,
    "medianResTime" : 635.0,
    "minResTime" : 1.0,
    "maxResTime" : 31285.0,
    "pct1ResTime" : 2443.0,
    "pct2ResTime" : 2962.25,
    "pct3ResTime" : 18706.90000000056,
    "throughput" : 158.00412384684262,
    "receivedKBytesPerSec" : 96.04134513291602,
    "sentKBytesPerSec" : 33.567866853964894
  },
  "/task/read/id" : {
    "transaction" : "/task/read/id",
    "sampleCount" : 18029,
    "errorCount" : 2548,
    "errorPct" : 14.132786,
    "meanResTime" : 851.7053081147006,
    "medianResTime" : 214.0,
    "minResTime" : 0.0,
    "maxResTime" : 32040.0,
    "pct1ResTime" : 2004.0,
    "pct2ResTime" : 2581.5,
    "pct3ResTime" : 17543.300000000007,
    "throughput" : 148.87696118909992,
    "receivedKBytesPerSec" : 84.34016308835673,
    "sentKBytesPerSec" : 23.511197809145337
  },
  "/user/delete" : {
    "transaction" : "/user/delete",
    "sampleCount" : 17457,
    "errorCount" : 2351,
    "errorPct" : 13.467377,
    "meanResTime" : 816.7827805464883,
    "medianResTime" : 208.0,
    "minResTime" : 1.0,
    "maxResTime" : 30620.0,
    "pct1ResTime" : 1957.2000000000007,
    "pct2ResTime" : 2586.0,
    "pct3ResTime" : 11797.979999999967,
    "throughput" : 144.19407595856805,
    "receivedKBytesPerSec" : 67.35057930694828,
    "sentKBytesPerSec" : 25.867927927741892
  },
  "/user/read/id" : {
    "transaction" : "/user/read/id",
    "sampleCount" : 18957,
    "errorCount" : 2801,
    "errorPct" : 14.775545,
    "meanResTime" : 907.8072479822732,
    "medianResTime" : 250.0,
    "minResTime" : 0.0,
    "maxResTime" : 32010.0,
    "pct1ResTime" : 2091.0,
    "pct2ResTime" : 2769.0999999999985,
    "pct3ResTime" : 17450.939999999988,
    "throughput" : 156.10820603615102,
    "receivedKBytesPerSec" : 94.13996556799934,
    "sentKBytesPerSec" : 24.466358674393707
  },
  "/user/update" : {
    "transaction" : "/user/update",
    "sampleCount" : 18636,
    "errorCount" : 2730,
    "errorPct" : 14.649066,
    "meanResTime" : 889.9231594762797,
    "medianResTime" : 233.0,
    "minResTime" : 1.0,
    "maxResTime" : 30601.0,
    "pct1ResTime" : 2066.0,
    "pct2ResTime" : 2712.149999999998,
    "pct3ResTime" : 17420.990000000074,
    "throughput" : 153.62674866248443,
    "receivedKBytesPerSec" : 92.26176598939055,
    "sentKBytesPerSec" : 30.642279892133182
  },
  "/task/update" : {
    "transaction" : "/task/update",
    "sampleCount" : 17734,
    "errorCount" : 2447,
    "errorPct" : 13.798353,
    "meanResTime" : 827.4282169843242,
    "medianResTime" : 222.0,
    "minResTime" : 1.0,
    "maxResTime" : 31940.0,
    "pct1ResTime" : 2012.0,
    "pct2ResTime" : 2597.0,
    "pct3ResTime" : 8922.950000000033,
    "throughput" : 146.44821378433284,
    "receivedKBytesPerSec" : 82.05623381938825,
    "sentKBytesPerSec" : 37.085754081023836
  },
  "Total" : {
    "transaction" : "Total",
    "sampleCount" : 128377,
    "errorCount" : 18421,
    "errorPct" : 14.349144,
    "meanResTime" : 919.1561650451409,
    "medianResTime" : 194.0,
    "minResTime" : 0.0,
    "maxResTime" : 32040.0,
    "pct1ResTime" : 7466.700000000004,
    "pct2ResTime" : 18100.95,
    "pct3ResTime" : 24629.910000000014,
    "throughput" : 1053.8685711940236,
    "receivedKBytesPerSec" : 600.4141942956533,
    "sentKBytesPerSec" : 208.74015220313592
  },
  "/task/create" : {
    "transaction" : "/task/create",
    "sampleCount" : 18330,
    "errorCount" : 2655,
    "errorPct" : 14.484451,
    "meanResTime" : 846.1911620294593,
    "medianResTime" : 226.0,
    "minResTime" : 0.0,
    "maxResTime" : 30261.0,
    "pct1ResTime" : 2025.9000000000015,
    "pct2ResTime" : 2660.9000000000015,
    "pct3ResTime" : 13964.04999999968,
    "throughput" : 151.30878383398132,
    "receivedKBytesPerSec" : 86.84269636400782,
    "sentKBytesPerSec" : 34.5330840927664
  }
}