{
  "/user/create" : {
    "transaction" : "/user/create",
    "sampleCount" : 1000,
    "errorCount" : 0,
    "errorPct" : 0.0,
    "meanResTime" : 2.904000000000002,
    "medianResTime" : 2.0,
    "minResTime" : 1.0,
    "maxResTime" : 94.0,
    "pct1ResTime" : 4.0,
    "pct2ResTime" : 4.0,
    "pct3ResTime" : 16.970000000000027,
    "throughput" : 16.648076314781825,
    "receivedKBytesPerSec" : 5.218781735395475,
    "sentKBytesPerSec" : 4.162019078695456
  },
  "/user/delete" : {
    "transaction" : "/user/delete",
    "sampleCount" : 1000,
    "errorCount" : 0,
    "errorPct" : 0.0,
    "meanResTime" : 2.318000000000004,
    "medianResTime" : 2.0,
    "minResTime" : 1.0,
    "maxResTime" : 62.0,
    "pct1ResTime" : 3.0,
    "pct2ResTime" : 4.0,
    "pct3ResTime" : 6.0,
    "throughput" : 16.649185022393155,
    "receivedKBytesPerSec" : 3.1054632219502856,
    "sentKBytesPerSec" : 3.5444554051579176
  },
  "/user/update" : {
    "transaction" : "/user/update",
    "sampleCount" : 1000,
    "errorCount" : 0,
    "errorPct" : 0.0,
    "meanResTime" : 2.344999999999998,
    "medianResTime" : 2.0,
    "minResTime" : 1.0,
    "maxResTime" : 38.0,
    "pct1ResTime" : 3.0,
    "pct2ResTime" : 4.0,
    "pct3ResTime" : 9.990000000000009,
    "throughput" : 16.64863065012903,
    "receivedKBytesPerSec" : 5.218955506534588,
    "sentKBytesPerSec" : 3.885764380254724
  },
  "/task/update" : {
    "transaction" : "/task/update",
    "sampleCount" : 1000,
    "errorCount" : 0,
    "errorPct" : 0.0,
    "meanResTime" : 2.383,
    "medianResTime" : 2.0,
    "minResTime" : 1.0,
    "maxResTime" : 48.0,
    "pct1ResTime" : 3.0,
    "pct2ResTime" : 4.0,
    "pct3ResTime" : 6.0,
    "throughput" : 16.64890783164624,
    "receivedKBytesPerSec" : 4.763798822922216,
    "sentKBytesPerSec" : 4.877609716302611
  },
  "Total" : {
    "transaction" : "Total",
    "sampleCount" : 7000,
    "errorCount" : 1,
    "errorPct" : 0.014285714,
    "meanResTime" : 2.167285714285716,
    "medianResTime" : 2.0,
    "minResTime" : 0.0,
    "maxResTime" : 94.0,
    "pct1ResTime" : 3.0,
    "pct2ResTime" : 3.0,
    "pct3ResTime" : 8.0,
    "throughput" : 116.51325754423343,
    "receivedKBytesPerSec" : 33.17715008572047,
    "sentKBytesPerSec" : 25.064654454967627
  },
  "/task/readall" : {
    "transaction" : "/task/readall",
    "sampleCount" : 1000,
    "errorCount" : 1,
    "errorPct" : 0.1,
    "meanResTime" : 1.732000000000001,
    "medianResTime" : 1.0,
    "minResTime" : 1.0,
    "maxResTime" : 52.0,
    "pct1ResTime" : 2.0,
    "pct2ResTime" : 3.0,
    "pct3ResTime" : 5.0,
    "throughput" : 16.64890783164624,
    "receivedKBytesPerSec" : 4.805908853472962,
    "sentKBytesPerSec" : 2.0811134789557806
  },
  "/user/readall" : {
    "transaction" : "/user/readall",
    "sampleCount" : 1000,
    "errorCount" : 0,
    "errorPct" : 0.0,
    "meanResTime" : 1.8299999999999985,
    "medianResTime" : 2.0,
    "minResTime" : 0.0,
    "maxResTime" : 28.0,
    "pct1ResTime" : 2.0,
    "pct2ResTime" : 3.0,
    "pct3ResTime" : 12.970000000000027,
    "throughput" : 16.64863065012903,
    "receivedKBytesPerSec" : 5.308344345708815,
    "sentKBytesPerSec" : 2.0810788312661286
  },
  "/task/create" : {
    "transaction" : "/task/create",
    "sampleCount" : 1000,
    "errorCount" : 0,
    "errorPct" : 0.0,
    "meanResTime" : 1.6589999999999987,
    "medianResTime" : 2.0,
    "minResTime" : 1.0,
    "maxResTime" : 22.0,
    "pct1ResTime" : 2.0,
    "pct2ResTime" : 3.0,
    "pct3ResTime" : 4.0,
    "throughput" : 16.64890783164624,
    "receivedKBytesPerSec" : 4.763798822922216,
    "sentKBytesPerSec" : 4.4386248418353755
  }
}